author,arcurl,tag
放松区管理员,http://www.bilibili.com/video/av1000636841,"美女,合集,大长腿,美女合集,小姐姐,必剪创作"
胡说八道影视,http://www.bilibili.com/video/av1253152767,"制服,美女,丝袜,性感,美腿,诱惑,短裙,肉丝,包臀裙,影视神仙剪刀手,神仙剪刀手3.0"
东方鳞,http://www.bilibili.com/video/av1400528022,美女
八幡_大老师,http://www.bilibili.com/video/av539286062,"MAD,AMV,动漫,对魔导学园35试验小队"
胡说八道影视,http://www.bilibili.com/video/av1902682810,"制服,美女,丝袜,性感,美腿,诱惑,短裙,肉丝,包臀裙,影视神仙剪刀手,神仙剪刀手3.0"
d剪辑,http://www.bilibili.com/video/av1703203897,"剧情,惊悚,情感,冯绍峰,闫妮,马东锡,影视混剪,影视杂谈,电影解说,透过影视看现实,人人都能聊影视"
有点大有点粗还有点久,http://www.bilibili.com/video/av1200999224,"美女,合集,名侦探柯南"
么么小茜茜,http://www.bilibili.com/video/av1602507434,"美女,游戏试玩,游戏推荐,恋爱游戏,女友养成"
影蜜电影,http://www.bilibili.com/video/av946495864,"剪辑,万物皆可混剪,影视剪辑"
吖吖小天使,http://www.bilibili.com/video/av1651313271,"病娇,强吻,吻戏,影视剪辑,强娶"
隔壁老肖rb,http://www.bilibili.com/video/av385246354,"跟着UP主创作吧（第四期）,记录生活的美好幸福时刻,高能,萌妹子,挑战,小姐姐,女神,妹子,东京,美女,打卡挑战"
网易新闻,http://www.bilibili.com/video/av721047171,"星海计划,斗鱼,虎牙,直播,女主播,美女"
胡说八道影视,http://www.bilibili.com/video/av1550689137,"制服,美女,丝袜,性感,美腿,诱惑,短裙,肉丝,包臀裙,影视神仙剪刀手,2024影娱新春游园会"
恐怖地带来恐怖,http://www.bilibili.com/video/av231786666,"美女,电影,恐怖片,电影剪辑,梅菜扣肉,电影解说,影评杂谈,新剧好剧一起看,开启暑假的100种方式"
任性小二黑,http://www.bilibili.com/video/av1803032465,"美女,附身,控制,变女,入替,必剪创作"
on9菌,http://www.bilibili.com/video/av672529852,"软妹,钢铁直男,粤语,美女,小姐姐,全程高能,搞笑视频,反应,不要心动挑战"
陈老湿游戏解说,http://www.bilibili.com/video/av663900932,"游戏试玩,游戏推荐,游戏测评,游戏广告"
小宇热游解说,http://www.bilibili.com/video/av962294296,"单机游戏,游戏解说,游戏攻略,沙盒游戏,PS5,主机游戏,整点电子榨菜,我被美女包围了,整点电子榨菜第六期"
茶余睡前小故事,http://www.bilibili.com/video/av1101177585,"姐姐,女人,豆豆,真实经历,两性健康,热点娱乐资讯速报"
神猪说动漫,http://www.bilibili.com/video/av880219975,"美女,洗澡,性感,动画短片,补番推荐,身体,白菜,野兽,坐姿,动画剪刀手,动画园游会 第五期"
黑大帅的潇洒哥_,http://www.bilibili.com/video/av596267345,"小姐姐,颜值,可爱,美女,漂亮,女神"
耶嘿YeahHey,http://www.bilibili.com/video/av1302175338,我的年后甩脂计划
绝命毒师BreakingBad,http://www.bilibili.com/video/av1600181055,"爱情,美女,性感,强吻,诱惑,吻戏,热吻,高甜"
披星戴月月月月,http://www.bilibili.com/video/av658112300,"韩国,制服,美女,热舞,女主播,主播,必剪创作,eku"
耶嘿YeahHey,http://www.bilibili.com/video/av920385972,"女神,科普,姐姐,泰坦尼克号,性感,萌妹子,漂亮,小仙女,小姐姐,出行就现在,冬日・出行体验记"
耶嘿YeahHey,http://www.bilibili.com/video/av877766051,服饰
忆梦剪影,http://www.bilibili.com/video/av1050117847,"强吻,前男友,吻戏,船戏,小姨子,影视剪辑,影娱新春游园会,2024影娱新春游园会"
田中檬,http://www.bilibili.com/video/av832223122,"美女,女神,性感,长腿,性感美女,助眠,轩子"
神猪说动漫,http://www.bilibili.com/video/av319377826,"美女,女神,姐姐,性感,动画短片,半身,衣服,国王,肩带,动画十月创作挑战"
放松区管理员,http://www.bilibili.com/video/av406301928,"美女,合集,大长腿,美女合集,小姐姐,必剪创作,九月创作打卡,UP！新学期"
美美观影,http://www.bilibili.com/video/av781915482,"美女,影视剪辑,性感,勾引,诱惑,电影解说,男人,男友,刺激"
动物探险家,http://www.bilibili.com/video/av658658964,"美女,健身,性感,身材"
国内外时装秀,http://www.bilibili.com/video/av960953904,"姿势,美女,模特,走秀,T台,丰满,欧美女模,必剪创作,解锁B站玩家指南,每日创作打卡"
影视基地车,http://www.bilibili.com/video/av227513007,"恐怖,美女,电影,噩梦,惊悚,影视剪辑,独居,童年噩梦,必剪创作,新剧好剧一起看,星动安利大作战・春日篇"
下一秒笑靥如枯,http://www.bilibili.com/video/av645704916,"剪辑,盘点影视剧的渣男角色,必剪创作,美女,性感,犯罪,电影剪辑,绑架,变态"
微笑是种欢度,http://www.bilibili.com/video/av533539448,"美女,美女合集,小姐姐"
tutudiy,http://www.bilibili.com/video/av1701898671,"泰国,可爱,美女,性感,模特,走秀,大长腿,性感美女,秀场,环球小姐"
想sese,http://www.bilibili.com/video/av1153032201,"美女,影视剪辑"
HOT小姐姐露营记,http://www.bilibili.com/video/av1002263007,"美女,野外,学习,记录,户外,露营,Bilibili出行奇遇记"
冬天锅锅,http://www.bilibili.com/video/av860806167,"韩剧,影视剪辑,电影解说,美女,电影,少女,尺度,教授,大学教授"
竞技新视角,http://www.bilibili.com/video/av657473058,"美女,WWE,名场面,摔角比赛"
账号已注销,http://www.bilibili.com/video/av439541935,"美女,影视剪辑,性感,男人,大胆,裤子,顾客,女性,诱惑"
